N,seconds,N,seconds,N,seconds,tipo
10000000,0.000479619,500000000,0.00106321,990000000,0.00121135,1