N,seconds,N,seconds,N,seconds
10000000,0.0012959,10000000,0.0019896,10000000,0.0015439,10000000,0.0016867,10000000,0.0011232,10000000,0.000865,10000000,0.00107,10000000,0.0020871,10000000,0.0007757,10000000,0.0011574,500000000,0.0014587,500000000,0.0024145,500000000,0.001523,500000000,0.0009037,500000000,0.0011726,500000000,0.0017035,500000000,0.0011537,500000000,0.0009585,500000000,0.0008845,500000000,0.0008632,990000000,0.0021336990000000,0.0012353990000000,0.0016565990000000,0.0011513990000000,0.0030903990000000,0.0017539990000000,0.0023094990000000,0.0016377990000000,0.0010737990000000,0.0012489