N,seconds,N,seconds,N,seconds,tipo
100,0.022623,500,0.034553,990,0.0660845,4