N,seconds,N,seconds,N,seconds
100,0.0135078,500,0.0195442,990,0.0471619