N,seconds,N,seconds,N,seconds
21474,0.0255059,107374,0.0759905,212600,0.155309