N,seconds,N,seconds,N,seconds,tipo
21474,0.0180189,107374,0.047188,212600,0.0952201,3