N,seconds,N,seconds,N,seconds,tipo
10,0.00183829,100000,0.033445,200000,0.0659738,1