N,seconds,N,seconds,N,seconds
2147,0.00573617,10735,0.0837764,21255,0.318529