N,seconds,N,seconds,N,seconds,tipo
2147,0.00575876,10735,0.0785231,21255,0.313791,4