N,seconds,N,seconds,N,seconds,tipo
10000,0.00483884,50000,0.0105405,100000,0.0162693,2