N,seconds,N,seconds,N,seconds
10000,0.00560723,50000,0.0144578,100000,0.0498949