N,seconds,N,seconds,N,seconds
2000000,0.0921464,2000000,0.101458,2000000,0.107954,2000000,0.0804701,2000000,0.0826094,2000000,0.0854936,2000000,0.129066,2000000,0.0825366,2000000,0.0675367,2000000,0.0698707,2000000,0.0748353,2000000,0.0656756,2000000,0.0738214,2000000,0.0628941,2000000,0.0558933,2000000,0.0650973,2000000,0.0632125,2000000,0.0590404,2000000,0.0588323,2000000,0.0603789,50000000,0.11014,50000000,0.0673499,50000000,0.0511975,50000000,0.224504,50000000,0.0513318,50000000,0.0544542,50000000,0.0500826,50000000,0.0855397,50000000,0.0918502,50000000,0.0767449,50000000,0.0761444,50000000,0.0767507,50000000,0.126167,50000000,0.0917509,50000000,0.0829909,50000000,0.0745983,50000000,0.102841,50000000,0.120819,50000000,0.0818077,50000000,0.0535907,99000000,0.11769599000000,0.10517399000000,0.10506799000000,0.1137899000000,0.0972799000000,0.13810499000000,0.14876499000000,0.10396299000000,0.048719599000000,0.046100999000000,0.065822299000000,0.099050999000000,0.081522199000000,0.076728499000000,0.095121899000000,0.11515499000000,0.085390799000000,0.0567799000000,0.060191199000000,0.0722449