N,seconds,N,seconds,N,seconds,tipo
20000,0.00952196,500000,0.0599822,990000,0.0605295,2