N,seconds,N,seconds,N,seconds
4100654,0.0156354,4100654,0.0116075,4100654,0.0115767,4100654,0.0184347,4100654,0.0249492,4100654,0.0189545,4100654,0.0151068,4100654,0.0183347,4100654,0.0188158,4100654,0.0201527,-25396075,0.0162042,-25396075,0.0149051,-25396075,0.0074869,-25396075,0.0111001,-25396075,0.0089689,-25396075,0.0149624,-25396075,0.0095464,-25396075,0.0124098,-25396075,0.0086835,-25396075,0.013118,-7842479,0.010473-7842479,0.013782-7842479,0.0117232-7842479,0.0103147-7842479,0.0134503-7842479,0.0116999-7842479,0.012793-7842479,0.0105795-7842479,0.013748-7842479,0.0104307