N,seconds,N,seconds,N,seconds,tipo
90000,0.000479819,490000,0.000510633,980000,0.00127082,1