N,seconds,N,seconds,N,seconds
100000000,0.0109364,100000000,0.0106898,100000000,0.0139331,100000000,0.014623,100000000,0.0173613,100000000,0.0162728,100000000,0.015255,100000000,0.0134535,100000000,0.0107796,100000000,0.0170814,650000000,0.0220791,650000000,0.0148474,650000000,0.0146311,650000000,0.0176958,650000000,0.0162018,650000000,0.0147934,650000000,0.0121218,650000000,0.015358,650000000,0.0129504,650000000,0.010003,980000000,0.0152874980000000,0.0145899980000000,0.0106056980000000,0.0156980000000,0.0150796980000000,0.0159029980000000,0.0164894980000000,0.0175184980000000,0.0140605980000000,0.0140153