N,seconds,N,seconds,N,seconds,tipo
100000000,0.000558067,500000000,0.000962378,990000000,0.00119763,1