N,seconds,N,seconds,N,seconds
20,0.0142684,500,0.0208461,1000,0.0609312