N,seconds,N,seconds,N,seconds,tipo
20,0.0128153,500,0.0201785,1000,0.0401461,4