N,seconds,N,seconds,N,seconds,tipo
10000,0.0177996,50000,0.0752747,100000,0.187217,3