N,seconds,N,seconds,N,seconds,tipo
2,0.0107894,100,0.0627344,2000,0.065745,4