N,seconds,N,seconds,N,seconds
79,0.0012375,38,0.00211909,2,0.0150365,4