N,seconds,N,seconds,N,seconds
1000,0.00351694,50000,0.0417623,99000,0.0865917