N,seconds,N,seconds,N,seconds,tipo
1000,0.00494928,50000,3.03989,99000,12.1333,2