N,seconds,N,seconds,N,seconds,tipo
1000,0.00631468,50000,0.0138162,99000,0.0302892,2