N,seconds,N,seconds,N,seconds 
5,0.00152718,500,0.00169868,10000,0.00175043