N,seconds,N,seconds,N,seconds
7,0.00172707,200,0.00192438,1000,0.00177801