N,seconds,N,seconds,N,seconds,tipo
2,0.00205988,500,0.00972289,999,0.0230634,1