N,seconds,N,seconds,N,seconds
1, 0.021917600,500,0.171420500,1000,0.0264398