N,seconds,N,seconds,N,seconds
2,0.00205988,300,0.00982522,999,0.0230634