N,seconds,N,seconds,N,seconds,tipo
10,0.0044788,50,0.0183888,100,0.0298302,4